text,label
Grafting,WORK_OF_ART
Healing by Primary Union,ORG
reactio,ORG
Formation of Granulation Tissue,ORG
Formation of Cicatricial Tissue,ORG
Healing of Epidermis,ORG
gra,ORG
Healing by Union,ORG
Reunion of Parts,ORG
unabsorbable chromicised catgut,PERSON
INDIVIDUAL TISSUES  ,ORG
Skin and Connective Tissue,ORG
tiss,ORG
Secretory Glands,LOC
Nerve Tissues,ORG
GRAFTING,ORG
Preservation of Tissues,ORG
atre,ORG
INDIVIDUAL TISSUES,ORG
Transfusion,ORG
The Skin,ORG
Epidermis,ORG
Epithelial Grafting,PERSON
Thiersch,PERSON
Leipsic,GPE
Reverdin,PERSON
the Cutis Vera,PERSON
Gillies,ORG
Tuffier,PERSON
CHAPTER II,LAW
"REPAIR

SURGICAL BACTERIOLOGY Want",ORG
John Hilton's,PERSON
Cocci,ORG
micrococci  ,PERSON
Spirilla,PERSON
bacilli,PERSON
pinal canal,ORG
Serum Disease,WORK_OF_ART
A. E. Wright,PERSON
ac,ORG
Staphylococcus Aureus,ORG
Streptococcus Pyogenes,ORG
Bacillus Coli Communis,ORG
Friedländer,PERSON
Bacillus Typhosus,ORG
micrococcus,ORG
Lyon,GPE
F. I. Dawson,PERSON
cor,ORG
primipara,GPE
Leucopenia,PERSON
Iodine,PERSON
Glycogen Reaction,ORG
CHAPTER III,LAW
nflammation,ORG
hamorrhagic,ORG
interi,PRODUCT
Celsus,PERSON
bef,GPE
Gastro,GPE
Diarrhœa,PERSON
Constricting Bandage,PERSON
hyperamic,PRODUCT
ime,ORG
General Treatment,ORG
c antitoxic sera,PERSON
stimul,PERSON
Dover,GPE
Gastro,PERSON
ichthyol,GPE
Leiter,PERSON
arterioles,NORP
suba,GPE
lymphadeni,PERSON
setons,ORG
CHAPTER IV,LAW
Suppurative,PERSON
Sinus,LOC
Sapramia   Septicamia   Pyamia,PERSON
albumoses,ORG
amœboid movement,ORG
tak,PERSON
Typical Pus,ORG
ACUTE CIRCUMSCRIBED ABSCESS,ORG
Fallopian,NORP
Acute Circumscribed Abscess,ORG
sarcomatous,GPE
John Bell,PERSON
submuc,GPE
Dakin,PERSON
anti-streptococcic,ORG
Initial Stage,ORG
The Purulent Blister,ORG
Subcutaneous Whitlow,PERSON
Whitlow,ORG
forearm  ,PERSON
SUPPURATION,PERSON
Beck,ORG
vesico,ORG
Meckel,PERSON
Sapramia,PERSON
acc,ORG
Hectic,ORG
Septicamia,GPE
Pyamia,ORG
icteric tint,PERSON
CHAPTER V ULCERATION,LAW
viti,PERSON
Clinical Examination,ORG
Classification of Ulcers,ORG
clini,PERSON
A.  Arrangement of Ulcers,ORG
Traumatism,ORG
syringo-myelia,ORG
grey shreddy,ORG
rficial syphilitic gummata,ORG
B.  Arrangement of Ulcers,ORG
The Healing Condition,WORK_OF_ART
Cathcart,PERSON
Hilton,PERSON
possibl,NORP
d.  Management of a Healing Sore,ORG
Lister's,ORG
creolin,ORG
Traumatic Group,ORG
Chipault,PERSON
the intra-venou,ORG
boracic lint,GPE
carboli,ORG
emplastrum cantharidis,PERSON
Ambulatory Treatment,ORG
Martin,ORG
W. G. Richardson,PERSON
"CHAPTER VI GANGRENE

Definition Types:  Dry",LAW
Moist  Varieties Gangrene,ORG
Embolic,ORG
Cancrum oris,PERSON
Dry Gangrene,ORG
finall,PERSON
Gritti,PERSON
Embolic Gangrene,PERSON
angrene resulting,PERSON
iliac,ORG
blocki,PERSON
Gangre,PERSON
Fingers,PERSON
"Heat, Chemical Agents",ORG
Cold,EVENT
Carbolic Gangrene,ORG
Carbolic,ORG
Trench,GPE
Spasm of Blood Vessels,ORG
Angio,ORG
Raynaud,PERSON
Ergot,NORP
Gangrene,PERSON
ergotin,ORG
GANGRENE,ORG
Clinical Varieties,ORG
Bacillary Gangrene,GPE
Putrefactive,NORP
Devitali,PERSON
Gas Gangrene,ORG
Cancrum Oris,PERSON
Noma,ORG
cancru,PERSON
oris,PERSON
Condy,ORG
Excoriations,ORG
bsolute,PERSON
malleoli,GPE
boracic acid powder,PERSON
CHAPTER VII,LAW
ERYSIPELAS Erysipelas,PERSON
Erysipelas,PERSON
involv,NORP
linimentum iodi,PERSON
the anti-streptococcic serum,ORG
Klebs-Löffler,ORG
Leucocytosis,PERSON
Diag,ORG
nosis,ORG
O'Dwyer,ORG
Annandale,PERSON
tetani,PRODUCT
Morbi,PERSON
aërobic,GPE
Fulminating Tetanus,PERSON
ases,PERSON
as high as,PERCENT
Ret,ORG
Cerebro,ORG
Trismus,PERSON
HYDROPHOBIA Hydrophobia,PERSON
ich,PERSON
Pasteur,ORG
Pasteur,PERSON
Muir,PERSON
Ritchie,PERSON
ANTHRAX Anthrax,PERSON
Sclavo,PRODUCT
Gräf,ORG
Wolff,PERSON
Wiewiorowski,PERSON
Glanders,PERSON
bacillu,ORG
s. Veterinary,ORG
mallein,FAC
ronic variety,ORG
ACTINOMYCOSIS Actinomycosis,PERSON
Morbid Anatomy,PERSON
iodoform gauze,PERSON
Success,ORG
MYCETOMA,ORG
Mycetoma,ORG
Aleppo,GPE
Biskra,GPE
Furunculus,NORP
Natal,GPE
Delhi,GPE
Pulex,PRODUCT
South America,LOC
the West Indies,GPE
India,GPE
America,GPE
Africa,LOC
the United Kingdom,GPE
hamaturia,ORG
applicati,ORG
Fraser,PERSON
Calmette,ORG
CHAPTER VIII,LAW
Tubercle,ORG
Bacilli,PERSON
nidus,PERSON
Da Costa,GPE
Tubercle Bacilli,PERSON
herto,PERSON
Artificial Hyperamia,ORG
wal,ORG
ually,PERSON
Barker,PERSON
ith Carrel-Dakin,PERSON
iodoform 2,LAW
Beck of Chicago,ORG
"CHAPTER IX SYPHILIS

Definition",LAW
SYPHILIS Transmission  Clinical,ORG
Europe,LOC
Spain,GPE
Columbus,GPE
Haiti,GPE
Bloch,PERSON
endothelioid,ORG
The Virus of Syphilis,ORG
Schaudinn,ORG
Hoffman,PERSON
spironema pallidum,PERSON
condylomata,PERSON
Giemsa,PERSON
ikoff,ORG
Roux,PERSON
Neisser,PERSON
Noguchi,PERSON
luetin,PERSON
SYPHILIS,PERSON
congress,ORG
Ricord,ORG
latt,GPE
puce,ORG
Erratic Chancres,PERSON
yphilis,ORG
D'Arcy Power,ORG
J. Keogh Murphy,PERSON
Oxford Medical Publications,ORG
"The Soft Sore, Soft Chancre",ORG
Chancroid,ORG
Gram,ORG
fourchette,ORG
Ducrey,PERSON
boracic acid,GPE
C. H. Mills,PERSON
Metchnikoff,PERSON
phagedana,PERSON
sitz,PERSON
meatus,ORG
iodoform bougies,PERSON
Condylomata,ORG
alopœcia,PERSON
The Affections of the Eyes,ORG
Iritis,PRODUCT
atropin,PERSON
Spinal Cord,PERSON
Malarial,PERSON
Serum Diagnosis Wassermann Reaction,ORG
frambesia,PERSON
activi,ORG
Hata,PERSON
diarsenol,ORG
Galyl,NORP
luargol,PERSON
ger,PERSON
efore,PERSON
A. Campbell,PERSON
The Administration of Mercury,ORG
Mercury,ORG
Mouth,PERSON
grey powder,ORG
Hydrarg,ORG
c. cret,PERSON
Inunction,EVENT
lanolin,PERSON
Lambkin,GPE
The General Health,ORG
nates,ORG
boracic poultice,GPE
The Relations of Syphilis to Marriage,ORG
Ehrlich,PERSON
Tertiary Syphilis,ORG
spirochates,ORG
Bazin,PERSON
Syphilitic Lupus,WORK_OF_ART
Fournier,PERSON
SYPHILIS One,LAW
erfere,ORG
Swellings,PERSON
natiform,WORK_OF_ART
Choroiditis,ORG
Henry Moon,PERSON
condylomata,ORG
Wassermann,PERSON
choroiditis,ORG
Colles of Dublin,ORG
Arsenical,ORG
faili,NORP
novarsenbillon,GPE
kerat,ORG
Syphilis in Infants and Young Children,WORK_OF_ART
"CHAPTER X TUMOURS

",PERSON
TUMOURS,PERSON
I. Connective,PERSON
Xanthoma,PRODUCT
Endothelioma,ORG
Cystic Adenoma,ORG
Glandular Cancer,ORG
Melanotic,ORG
Cancer  III,PERSON
Dermoids IV,PERSON
Ganglion,PERSON
Cohnheim,ORG
MALIGNANT,ORG
ade,ORG
dolorosa,ORG
Dercum,ORG
Lipoma,ORG
Lipomas,ORG
ascia lata,PERSON
Cho,PERSON
Odontoma,PERSON
Bland Sutton,ORG
Bland Sutton,PERSON
Eve,PERSON
comparat,ORG
naso,PERSON
myoma,ORG
Fibromatosis,ORG
semifluid consistence,ORG
rese,PERSON
Myoma,ORG
myoma,PRODUCT
Rhabdomyoma,ORG
Endotheliomas,ORG
Wise,PERSON
myo,ORG
Coley,ORG
TUMOURS An,PERSON
peduncul,PERSON
polypi,PERSON
Adenomas,PERSON
intracystic,NORP
lin,PERSON
dissemina,ORG
The Contagiousness of Cancer,ORG
incre,ORG
Ray,PERSON
Glandular,ORG
Askanazy,ORG
Tubulo-dermoids,PERSON
Ovarian Dermoids,PERSON
Teratoma,GPE
CYSTS,ORG
Exudation Cysts,PERSON
Exudation,ORG
Implantati,ORG
Australia,GPE
Shetland,LOC
Iceland,GPE
Ganglionic,ORG
Ledderhose,PERSON
Ganglia,PERSON
Ganglia,ORG
"CHAPTER XI INJURIES

CONTUSIONS",LAW
Shell,ORG
SCALDS INJURIES PRODUCED BY ELECTRICITY:,LAW
hamophilia,PERSON
dre,ORG
Glass,PERSON
Contused,ORG
Lacerated Wounds,ORG
Cicatricial,ORG
puri,ORG
FIREARMS,PERSON
South African,NORP
France,GPE
South Africa,GPE
Belgium,GPE
J. T. Morrison,PERSON
Rifle Bullets,ORG
unles,ORG
the European War,EVENT
Field,ORG
hypodermically,ORG
Moribund,ORG
the Field Ambulance or,ORG
B.I.P.P.,GPE
the Base Hospital,ORG
m. Shell,ORG
auze,ORG
multinuclear,GPE
Bardeen,PERSON
Dupuytren,ORG
clin,ORG
Burns of Second Degree Vesication of the Skin,ORG
Unna,PERSON
Burns of Third Degree Partial Destruction of the Skin,ORG
Granulations,PERSON
h cicatrices,PERSON
Phenomena,PERSON
cerebritis,PERSON
Albuminuria,PERSON
Burns,PERSON
picric,ORG
Picric,ORG
Burnol,ORG
boracic lotion,PERSON
Carron,ORG
Thiersch,ORG
X-Rays and Radium,ORG
Robert Knox,PERSON
wheals,GPE
scor,ORG
ched,ORG
Lister's work Means,ORG
ny,GPE
The Antiseptic System of Surgery,ORG
Joseph Lister,PERSON
Schimmelbusch,GPE
Chemical Agents,ORG
Di,PERSON
Cotton,PERSON
anasthetist,NORP
Preparati,NORP
the Skin of the Patient,WORK_OF_ART
Grossich,ORG
Operation,EVENT
Gauze,ORG
Catgut,ORG
Cladius,ORG
Moschcowitz,ORG
Salkindsohn,PERSON
ps and,ORG
Michel,PERSON
Gauze,PERSON
CHAPTER XIII CONSTITUTIONAL EFFECTS OF,ORG
Syncope,ORG
nat,ORG
Prevention of Operation Shock,ORG
° F.,PERSON
Crile,PERSON
digitalin,GPE
Asiatic,NORP
ASPHYXIA,PERSON
CYANOSIS,PRODUCT
Beach,GPE
Cobb,PERSON
Wright,PERSON
Boston,GPE
Beatson,PERSON
val,PERSON
DELIRIUM IN SURGICAL PATIENTS Delirium,ORG
iodoform,GPE
cocain,PERSON
paraldehyde,GPE
sulphonal,ORG
trional,GPE
hypod,ORG
enemata,ORG
"CHAPTER XIV THE BLOOD VESSELS

Anatomy INJURIES OF",FAC
Air Embolism  Repair,ORG
Hamophilia DISEASES,PERSON
Thrombo,GPE
Phlebitis,WORK_OF_ART
Electrolysis  Cirsoid aneurysm ANEURYSM,ORG
tunica externa,PRODUCT
melana,ORG
Lembert,ORG
Gangrene,ORG
urysm,ORG
Entrance of Air into Veins Air Embolism,ORG
Deep,PERSON
the tunica externa retract,ORG
gape,ORG
Continuity,ORG
nd middle,ORG
Repair of Veins,ORG
Momburg,PERSON
Foulis,ORG
Petit,FAC
Spence,ORG
Wyeth,PERSON
Lynn Thomas,PERSON
Doyen,PERSON
Cautery,PRODUCT
Paquelin,ORG
Hamostatics,ORG
Adrenalin,PERSON
Horsley,ORG
Spanish,NORP
coagula,GPE
Reactionary Hamorrhage,PERSON
Douching,PERSON
Carrel,ORG
ghten,PERSON
palmar arch,GPE
Hamorrhage of Toxic Origin,LAW
Hamorrhage,PERSON
Hamorrhag,ORG
hamatemesis,ORG
HAMOPHILIA,ORG
hamophilia,ORG
incisio,PERSON
hemoplastin,PERSON
Monro,PERSON
emetin,ORG
½-grain,ORG
thr,PERSON
ombus,ORG
ica,ORG
THROMBO,ORG
THROMBOSIS,ORG
usuall,PERSON
alba dolens .  ,PERSON
mastoid,PERSON
bolism,PERSON
venosum,ORG
Varix,ORG
tortuou,GPE
Hamorrhage,ORG
Phlebitis,LANGUAGE
Thrombi,ORG
india,GPE
Trendelenburg,GPE
C. H. Mayo,PERSON
Babcock,ORG
Mitchell,PERSON
Belfast,GPE
Navus,ORG
The cutaneous navus,ORG
Paquelin,NORP
escharotics,PERSON
navus,ORG
meningocele,GPE
Mixed Navus,ORG
the mixed navus,ORG
rieties,PERSON
navoid,GPE
Igni,ORG
Bunsen,PERSON
cauterise,PRODUCT
Cavernous Angioma,GPE
Anastomosis,PERSON
Cirsoid Aneurysm,PERSON
narrowings,ORG
arteritis es,PERSON
Suppuration,GPE
g,ORG
Saline,GPE
George W. Balfour,PERSON
Rudolf Matas,PERSON
Extirpation,ORG
the Sac The Old Operation,ORG
John Hunter,PERSON
Anel,PERSON
Distal Ligation,ORG
Brasdor,ORG
Colt,ORG
Gelatin,LAW
white gelatin,ORG
Fergusson,ORG
ARTERIO,ORG
Makins,PERSON
Varicose,PRODUCT
eurysm,ORG
ARTERIES,GPE
Thoracic Aneurysm,PERSON
rch,ORG
Christopher Heath,PERSON
Keen,PERSON
Innominate,ORG
Wardrop,ORG
Sheen,PERSON
Moore,PERSON
Carotid Aneurysms,PERSON
clavian,NORP
Digital,ORG
Orbital Aneurysm,ORG
exophthalmos,ORG
Subclavian,NORP
Iliac,ORG
Femoral Arteries,ORG
Poupart,ORG
Gluteal Aneurysm,PERSON
diffi,GPE
Hunter,PERSON
Matas,PERSON
Hunterian,ORG
Syme,PERSON
CHAPTER XV,LAW
GLANDS,ORG
DISEASES,ORG
VESSELS Lymphangitis,PRODUCT
LYMPH,ORG
GLANDS Lymphadenitis,PERSON
Septic,ORG
Lymphadenoma Leucocythamia,PERSON
Surgical Anatomy and Physiology,ORG
the ala nasi,PERSON
glandula concatinata,ORG
anticus major muscle,ORG
Upper Extremity,LOC
Lower Extremity,LOC
chyle  chylorrhœa,ORG
cea,PERSON
VESSELS,PRODUCT
Septic  lymphangitis,PERSON
Klapp,PERSON
œdema.  ,ORG
Tuberculous Lymphangitis,PERSON
Sampson Handley,PERSON
Lymphangiectasis,ORG
lymphangiectasis,ORG
Filarial,ORG
istory,NORP
dea,ORG
Lymphangioma,ORG
lymphangio,ORG
Lymphangiomas,ORG
Lymphadenitis,ORG
bubo,PERSON
gonococci,GPE
Hilton,ORG
Tuberculous Disease of Glands,ORG
Calcified,PERSON
regardin,PERSON
Mayo,ORG
Syphilitic Disease of Glands,ORG
Lymphadenoma,LOC
leucocythamia,ORG
Arsenic,PERSON
Leucocythamia,ORG
lymphadenoma,PERSON
GLANDS,PERSON
tonsil,PRODUCT
CHAPTER XVI,PERSON
Repair and its modificati,ORG
Neuritis,PRODUCT
Sciatica,ORG
Schwann,PERSON
Ranvier,PERSON
Sherren,PRODUCT
Rivers,GPE
Stoffel,PERSON
Complete Division,ORG
Complete,ORG
hyperasthesia.  ,LAW
Process of Repair,ORG
neurolemma,GPE
non-union,ORG
sensori,NORP
Sensory Phenomena,ORG
° F.),PERSON
sensib,ORG
Motor Phenomena,ORG
underg,NORP
Vaso,PERSON
Phenomena,ORG
Trophic Phenomena,PERSON
Arthropathies,ORG
Sherren,PERSON
Purves Stewart protopathic,PERSON
Tinel,ORG
Purves Stewart,PERSON
wan,GPE
Incomplete Division of a Mixed Nerve,ORG
causalgia,ORG
Paroxysms,ORG
Jones,PERSON
hyperasthesia,ORG
Multiple Peripheral Neuritis,ORG
beri-beri,NORP
diphtheritic,NORP
NEUROMA,ORG
Alexis Thoms,PERSON
Edinburgh,GPE
Recklinghausen,PERSON
Elephantiasis neuromatosa  ,PERSON
James Sherren,PERSON
The Brachial Plexus,LOC
Erb-Duchenne,PERSON
deltoid,GPE
spinati,GPE
Klumpke,ORG
the ulnar nerve,ORG
ulnar area,GPE
emplo,GPE
Bell,ORG
zius,ORG
deltoid,ORG
spinati,LOC
spinati,NORP
Radial,ORG
ext,ORG
ossis metacarpi,ORG
The Ulnar Nerve,ORG
metacarpo,PERSON
carpi ulnaris,PERSON
sublimis,GPE
Epicritic,GPE
cubitus valgus,ORG
The Sciatic Nerve,ORG
The Common Peroneal,ORG
pes equino-varus,PERSON
Tibial,ORG
Cranial,NORP
NEURALGIA,PRODUCT
manœuvre,PERSON
Salter,ORG
The Injection of Alcohol,ORG
Nerve,ORG
Schlösser,PERSON
novocain-suprarenin,ORG
Harris,PERSON
Charles H. Mayo,PERSON
CHAPTER XVII THE SKIN,LAW
Blisters   Callosities   Corns   Chilblains        Boils   ,ORG
Veldt,ORG
Moles Horns New,ORG
Epithelioma,PRODUCT
CICATRICES  Varieties,ORG
Malpighii,NORP
Blisters,ORG
Callosities,ORG
callosities,PERSON
Corns,GPE
collodion,ORG
Chilblain,PERSON
anamic,ORG
chilblain,PERSON
ichthyol,PERSON
Venice,GPE
Balsam,PERSON
Peru,GPE
Boils and Carbuncles,ORG
Garrè,PERSON
seba,NORP
ceous gland,ORG
Bright,PERSON
Klapp,GPE
boracic,GPE
lysol,ORG
boracic baths,GPE
codein,FAC
Veldt Sore,PERSON
inoculation tubercle,ORG
Inoculation Tubercle,ORG
Tuberculous Lupus,PERSON
ulcerans,NORP
mutilans,NORP
Sporotrichosis,ORG
Shenkii,ORG
Lymphatic,NORP
E. arabum,GPE
Samoa,GPE
Barbadoes,GPE
Bancrofti,ORG
isappear,ORG
Samson Handley,PERSON
lymphangioplasty,ORG
groin,PERSON
Gracorum,PERSON
Tangerine,NORP
Dermoids,PERSON
wens,LOC
wens,GPE
Moles,PRODUCT
liab,PERSON
Soldau,NORP
ecessary,PERSON
Cicatrix,ORG
Angioma,ORG
salicylic collodion,PERSON
C. W. Cathcart,PERSON
Adenoma,NORP
mel,PERSON
Hutchinson,ORG
crateriform,ORG
Neve of Kashmir,PERSON
Neve,ORG
ual contact of,ORG
Röntg,PRODUCT
umbilicus,ORG
recurren,PERSON
Hogarth Pringle,PERSON
CICATRICES,ORG
cicatrix,PERSON
Scars,PRODUCT
Hypertrophied Scars,FAC
tially,PERSON
Keloid,ORG
Onychia,PERSON
lunule,PERSON
Ingrowing Toe-nail,PERSON
boracic acid,PERSON
CHAPTER XVIII,LAW
Rupture  Hernia,ORG
Wounds Avulsion,PERSON
DISEASES OF MUSCLE AND,LAW
Myositis,ORG
SHEATHS,ORG
Contusion of Muscle,PRODUCT
Sprain and Partial Rupture of Muscle,ORG
Tendon,GPE
metimes,ORG
Subcutane,GPE
the ulnar border,ORG
eleme,GPE
aponeuroses,ORG
Gowers,PERSON
oxaluric dyspepsia,PERSON
Gluteal fibrositis,PERSON
Llewellyn and Jones,ORG
aponeuroses  crural fibrositis,ORG
Ischamic Myositis,PERSON
Volkmann,PERSON
ulnar,GPE
R. Jones,PERSON
Gouty,PERSON
Traumatic Ossification,PERSON
Ossification,PERSON
crureus,GPE
Billroth,PERSON
German,NORP
Progressive Ossifying Myositis,PERSON
latissimus,ORG
Hydatid,GPE
SHEATHS Tendon,PERSON
Teno,PERSON
Crepitans,NORP
Gouty Teno,PERSON
urates,ORG
Suppurative Teno,PERSON
Gonorrhœal Teno-synovitis,PERSON
œdema,ORG
Syphilitic Affections of Tendon Sheaths,ORG
Tendon Sheaths,PERSON
CHAPTER XIX,LAW
Tumours  Diseases,ORG
olecranon bursa,PERSON
the prepatellar bursa,PERSON
subdeltoid bursa,PERSON
Dawbarn,PERSON
bicipital,ORG
Codman,PERSON
weaver,WORK_OF_ART
Scarpa,PERSON
subcrural bursa,PERSON
ligamentum,ORG
gastrocnemius,ORG
Achillis,ORG
calcane,GPE
the subcalcanean bursa,ORG
Pott,PERSON
CHAPTER XX DISEASES,LAW
DISEASES OF BONE Definition,LAW
Abscess,ORG
Hydatids,ORG
Rickets,ORG
Osteomalacia Ostitis,PERSON
Paget Osteomyelitis,WORK_OF_ART
Fragilitas,ORG
synovia,ORG
William Macewen,PERSON
giantism,NORP
Macewen,ORG
EAM  Diseases,ORG
the Staphylococcus Aureus,ORG
Staphylococci,ORG
General Complications,ORG
hyperamic,ORG
toxamia,ORG
Nature's Effort at Repair,WORK_OF_ART
sequestra,NORP
literated,ORG
Sequela of Acute Suppurative Osteomyelitis,ORG
The Recognition and Removal of,ORG
Sequestra,NORP
Mosetig-Moorhof,PERSON
drai,ORG
ned,ORG
Circumscribed Abscess,ORG
Brodie's Abscess,WORK_OF_ART
Edin,PERSON
Nature,WORK_OF_ART
Tavel,PERSON
handli,PERSON
Pyogenic,NORP
un-united fract,ORG
cloaca,PERSON
tubercle bacilli,PERSON
the tubercle bacil,ORG
lus,PERSON
di,GPE
Diffuse Tuberculous Osteomyelitis,WORK_OF_ART
dactylitis,ORG
dactylitis,PERSON
Evanescent,ORG
Jacksonian,ORG
ozœna,GPE
Haversian,GPE
ind,PERSON
radiograms,PERSON
Radiograms,PERSON
dri,ORG
trephine,PERSON
Craniotabes,ORG
Parrot,PERSON
craniotabes,ORG
Epiphysitis,PRODUCT
Syphilitic Perichondritis,PRODUCT
iffuse,PERSON
dactylitis,PRODUCT
HYDATID,GPE
ATTEND,PERSON
fragilitas,ORG
rachitis,ORG
fed,ORG
exer,PERSON
cise,ORG
malacia,PERSON
ri,GPE
John Thomson,PERSON
valgum,PERSON
varum,ORG
coxa vara,PERSON
Thomas,PERSON
Rachitis Adolescentium  ,ORG
Barlow,PERSON
Cheadle,PERSON
Hamorrhages,ORG
conjunctiva,ORG
Osteomalacia,GPE
New Growths,ORG
Skeleton,PERSON
Ostitis Deformans Paget's Disease of Bone,ORG
James Paget,PERSON
Byrom Bramwell,PERSON
Fibrosa,PERSON
Recklinghausen,GPE
hamorrhages,PERSON
Figs,PERSON
Osteogenesis Imperfecta,PERSON
Fragilitas Ossium,ORG
Osteo-Arthropathy,PERSON
Marie,PERSON
Periosteal,ORG
Central,ORG
ivory exostosis  ,PERSON
Multiple Exostoses,ORG
diaphysial aclasis,PERSON
Arthur Keith,PERSON
Morley Roberts,ORG
achondroplasia,PERSON
Diffuse Osteoma,GPE
Leontiasis Ossea,PERSON
leontiasis ossea,ORG
Jonathan Hutchinson,PERSON
Alexis Thomson,PERSON
Chondroma,ORG
han,NORP
lveolar,PERSON
Myeloma,ORG
gumma,PERSON
Brodie,PERSON
om chondroma,PERSON
cystica,ORG
Bloodgood,PERSON
Esmarch,ORG
Bence-Jones,ORG
diploë,NORP
diploë,GPE
Skiagraphy,ORG
fibula,GPE
Hamatoma,ORG
Metastatic Tumours,ORG
Handley,PRODUCT
thyreoid,PERSON
contra,NORP
Direct Extension from Soft Parts,ORG
Cysts of Bone,ORG
"CHAPTER XXI DISEASES OF JOINTS

Definition",LAW
Ankylosis,PERSON
DISEASES,PERSON
Pyogenic,ORG
Gonorrhœal,PERSON
Tuberculous,ORG
Syphilitic,ORG
Diseases,ORG
gonorrhœa,ORG
tuberculosi,PERSON
nvoluntary,PERSON
Conditions of Impaired Mobility of Joints,ORG
Contracture,ORG
Ankylosis,ORG
Joseph Griffiths,PERSON
skiagraphy,ORG
Arthroplasty,ORG
Chicago,GPE
Extremities,ORG
J. B. Murphy,PERSON
the pus perforates the joint capsule,ORG
pyamia,ORG
Pneumococcal,ORG
Fraenkel,PERSON
diplococcus,ORG
Gonococcal Affections of Joints,ORG
gonorrhœal ophthalmia,ORG
betwe,PERSON
gonorrhœal,PERSON
umatism,ORG
phlegmon,ORG
Detoxicated,ORG
Harrison,PERSON
Murphy,PERSON
John Fraser,PERSON
tubercle,ORG
carti,PRODUCT
The Contents of Tuberculous Joints,ORG
Ulceration and Necrosis of,LAW
cancelli,PERSON
Terminations,ORG
Sequela,ORG
Caseous,PERSON
John Duncan,PERSON
Startings,GPE
Clinical Variations of Tuberculous Joint Disease,ORG
empyema,ORG
Wiseman,ORG
Influence of Tuberculous Joint Disease,ORG
the General Health,ORG
proporti,PRODUCT
Immobilisation,ORG
Scott,ORG
Operative Treatment,ORG
Kocher,PERSON
SYPHILITIC,ORG
the formation of gummata,ORG
gummata  are,ORG
gummata,ORG
Syphilitic,NORP
rthritis,PRODUCT
Arthritis Urica,PERSON
Paris,GPE
urates,GPE
England,GPE
Ireland,GPE
Scotland,GPE
tophi,PERSON
Bier,PERSON
Osseous,ORG
Arthritis Deformans,PERSON
Osteo,PERSON
Rheumatoid Arthritis,ORG
Virchow,PERSON
carnivora,GPE
Poncet,ORG
Lyons,PERSON
Fig,ORG
Hydrops,ORG
gonorrhœal,ORG
Hypertrophied,ORG
Heberden,GPE
Ʒj,PRODUCT
℥,ORG
nd of tonics,ORG
strychnin,GPE
Luff,PERSON
guaiacol,PERSON
thrice daily,ORG
Aix,GPE
Bath,GPE
Buxton,GPE
Gastein,GPE
Harrogate,GPE
Strathpeffer,GPE
Wiesbaden,GPE
Wildbad,GPE
Arbuthnot Lane,PERSON
amophilic,ORG
hamorrhages,GPE
Bony,PERSON
Charcot,WORK_OF_ART
Babinski,PERSON
Barré,PERSON
AFFECTIONS,ORG
Benjamin Brodie,PERSON
joi,ORG
nts,ORG
arance,ORG
Röntgen,PERSON
anasthesia,ORG
Corrigan,PERSON
The Weir-Mitchell,ORG
CYSTS New,ORG
Morrant Baker,PERSON
Baker,PERSON
interfer,PERSON
Organised Connective Tissue,ORG
p,ORG
Charcot,PERSON
Loose Bodies in Joints,ORG
König,PERSON
dessicans,NORP
Multiple Chondromas,PERSON
Osteomas,NORP
Fig,PERSON
Caird,PERSON
